Temperature,Pressure,Humidity,Anomaly
27.483570765056164,113.99355436586002,39.87232587538428,Normal
24.308678494144075,109.24633682912769,47.83221993926723,Normal
28.23844269050346,100.59630369920174,38.11370118500058,Normal
32.61514928204013,93.53063222294426,45.38057705541439,Normal
23.829233126383322,106.9822331361359,21.595779995693213,Normal
23.8293152152541,103.9348538542175,53.19940561059408,Normal
32.896064077536955,108.95193220027733,50.01808213043336,Normal
28.837173645764544,106.35171801681969,37.74367053397714,Normal
22.65262807032524,110.49552715319335,59.88868502648607,Normal
27.712800217929825,94.64764788439432,64.06355206439838,Normal
22.682911535937688,113.17394065634326,25.886602034465387,Normal
22.671351232148716,101.975996046924,38.55912832150679,Normal
26.20981135783017,120.75260872625265,38.46286475319053,Normal
15.43359877671101,93.10812181910433,35.90145348336703,Normal
16.375410837434835,117.3596380316525,62.44212262897623,Anomaly
22.188562353795135,101.97910783462648,47.09260791840795,Normal
19.93584439832788,93.48581996385552,46.03227738034084,Normal
26.571236662976368,95.16114165945679,19.942064533898698,Normal
20.459879622393945,96.7965269180568,59.5312704531384,Normal
17.938481493323543,104.24165946401916,31.41112407719791,Normal
32.32824384460777,105.228354880355,50.89898945399492,Normal
23.871118497567323,94.26299996061421,54.160654069372875,Normal
25.33764102343962,99.75645407739017,70.40987893757976,Normal
17.87625906893272,121.42270358611864,30.36769401321332,Anomaly
22.278086377374088,117.27543170100711,4.707317662687622,Anomaly
25.55461294854933,104.36323669674032,52.75774317130542,Normal
19.245032112888488,100.380034781682,77.0076677226628,Normal
26.87849009172836,101.20031326718261,68.58419529409156,Normal
21.996806550405974,106.13517972730416,53.14489122911939,Normal
23.541531251033618,89.77207434801595,42.62545721551929,Normal
21.991466938853016,97.42623462576655,62.10683894955966,Normal
34.26139092254469,83.3141592612241,35.39680700443297,Anomaly
24.93251387631033,103.9922312260528,57.14536654034329,Normal
19.711445355220498,106.4719593970274,57.5820523874994,Normal
29.112724560515943,95.16813537700627,65.90314861248319,Normal
18.895781750144888,115.73986763290033,91.39490058366616,Anomaly
26.044317975023777,87.7423433699766,55.88623950768151,Normal
15.201649380601122,85.3562511979018,42.36554561438752,Anomaly
18.359069755507846,102.24451818559972,49.616385317120084,Normal
25.984306179345616,110.47098302612154,23.463861426663225,Normal
28.692332899977053,116.83927691457869,39.579303033664125,Normal
25.85684140594985,95.4111573713106,43.86076342830344,Normal
24.421758588058797,110.78680833431295,42.138674030981115,Normal
23.494481522053555,99.61491530499293,52.28532308050583,Normal
17.607390048162863,98.2737270005918,37.66370101426699,Normal
21.400778958026457,108.83659937486672,66.81546000986707,Normal
22.696806145201062,106.52322878413419,50.00310597377295,Normal
30.285611131094576,84.2360784301575,49.860495182920786,Normal
26.71809144784231,114.76540349725896,45.081579252306234,Normal
16.18479922318633,113.80091354147451,52.32786025788469,Normal
26.620419846973974,93.7443729849047,62.37647397001452,Normal
23.074588597918417,103.95803533437409,36.9930467643365,Normal
21.615389998470206,104.94030186282738,40.12825266387115,Normal
28.05838144420434,102.60673765823907,45.44410956835003,Normal
30.154997612479754,94.4969484615458,29.811936147901775,Normal
29.656400595580994,93.28376632061949,37.71113210417754,Normal
20.803912383886807,99.74445929008554,42.85668689683011,Normal
23.453938120743928,111.72729019259364,63.11583771069091,Normal
26.65631715701782,105.43600154594432,53.938419935028875,Normal
29.877725635611796,96.29385667913894,52.90384867051316,Normal
22.60412881077355,107.71698710648344,62.763469432519585,Normal
24.071705116680914,71.51457379369924,47.93942317400905,Anomaly
19.46832512996986,111.48765700372104,55.856972748933345,Normal
19.018966879596647,82.60286221221901,48.451673706012556,Normal
29.062629111970992,96.37559058596868,53.980435240994424,Normal
31.781200142854114,88.80330105373856,41.25862013582627,Normal
24.63994939209833,87.05318524279095,13.417742625853563,Anomaly
30.01766448946012,111.6082678737852,47.985812567205436,Normal
26.80818012523817,95.32298798688109,71.3412220414991,Normal
21.77440122697438,103.46503881730716,63.893231033623884,Normal
26.80697802754207,99.53079421120816,64.48096226886756,Normal
32.690182832329846,104.77040827223121,68.54196082709326,Normal
24.820869804450243,100.76821891060256,51.32986386442156,Normal
32.82321827907003,87.1700777581143,52.959735611083936,Normal
11.901274479551278,109.9626681944714,40.73522156848475,Anomaly
29.10951252187612,95.06243416838687,45.25890715959425,Normal
25.435235341190857,84.4341810134025,59.23656724656712,Normal
23.504963247670663,95.71884839034088,68.05826655753225,Normal
25.45880388267751,115.00759790634311,47.90830586478501,Normal
15.062155426995536,108.50221742113493,43.24716102722883,Normal
23.90164056081244,96.5134786559214,50.00791938284896,Normal
26.78556285755873,96.50742295681572,59.01810123393672,Normal
32.38947022370758,96.78364948782617,28.342177757996872,Normal
22.40864890863176,120.76747983560841,15.557285702941428,Anomaly
20.95753198553406,103.81935452231554,41.74194725762625,Normal
22.491214782077318,104.3004164719107,31.68931361128762,Normal
29.57701058851037,110.30283454031843,42.37789703529034,Normal
26.643755548298422,102.38789159026514,47.78329521773793,Normal
22.351198981164806,97.40957854179297,43.2012738646548,Normal
27.56633716556678,98.03650150915021,71.78701301706118,Normal
25.4853877467402,99.28398740585936,54.9011714690348,Normal
29.843224952664446,99.62777763490159,54.507115394162426,Normal
21.489734530613237,107.2762954363698,59.333107160651025,Normal
23.361689267011158,100.519458858073,32.917503233288464,Normal
23.039459234339212,107.3264007721558,65.58667681130403,Normal
17.682425259339407,99.19283419891417,48.863535701968104,Normal
26.48060138532288,100.7863519031609,60.05720925861819,Normal
26.305276360899448,80.01799315467892,33.92214150439767,Normal
25.025567283212304,109.16327674702481,26.693618509759034,Normal
23.827064333124266,103.46488475897992,62.26834487037543,Normal
17.92314628974793,109.98010109859652,55.64614289146275,Normal
22.896773386173205,71.03744621806311,36.46922668463735,Anomaly
23.286427417366152,120.88374704780728,36.95505378087958,Normal
20.988613653891903,98.60410371844826,66.88152176622154,Normal
24.193571441669953,111.08182816737516,32.15882160699008,Normal
27.020254284072692,89.60094072874469,74.64009429883944,Normal
34.43092950605265,106.12773905062569,36.49068898028197,Normal
25.872889064159196,89.46584436826343,59.57587888412574,Normal
26.28775195361382,93.76231039304194,45.07072286376523,Normal
24.627770421169163,119.14031353866787,59.047811466235146,Normal
15.406143923504793,98.09317599236654,41.838289968287114,Normal
24.867430622753915,102.17432873179723,47.558106408915584,Normal
25.301151049705133,108.70067730688754,50.61378763093582,Normal
37.316210562426434,104.95681887972604,34.96718816327791,Anomaly
24.038195176094387,101.50418905143576,61.11236518130189,Normal
26.507736711668063,103.64961002466225,42.30179650292622,Normal
24.826441151473784,124.03415585238275,46.571001269899725,Normal
19.15660981190234,99.42381202966415,35.08475938087231,Normal
30.714114072575104,102.01099046714967,11.564995118070343,Anomaly
28.759665163433873,110.50654396007612,47.13458356099746,Normal
28.955159735215233,111.05525932957984,86.18923132419374,Anomaly
20.453062726026303,111.8703030556038,61.769064318470356,Normal
32.013971554680495,106.38730222029184,49.71109430398408,Normal
17.990744686038596,88.56995087269516,46.05663756187599,Normal
27.934285469001352,116.33431532301096,50.33698839218069,Normal
35.952278129049894,88.53654606981311,58.20678672762815,Anomaly
20.04731837434656,103.02635465239034,32.28780777036732,Normal
22.16851135198614,92.45724149980641,66.71482542003308,Normal
25.498256825438204,99.35861653407008,60.73071973161866,Normal
22.482621729419005,103.2876241030348,60.772785885619015,Normal
17.246682844669337,103.21357215450273,56.57713608214591,Normal
25.342814874030136,104.21920754235285,50.294249865409846,Normal
19.688481431369475,116.13711269058646,60.0929185395023,Normal
27.36796215317591,104.5353430151398,58.87721200612067,Normal
20.402878828830985,97.55843364709351,44.68938933588464,Normal
32.7496720250877,109.64087168288357,41.39597340654649,Normal
21.083733538318814,111.89470488924641,51.527844428929804,Normal
23.38969241897162,87.72392184863007,73.23530227242782,Normal
29.067586086848348,105.97400069849859,31.413393865191487,Normal
18.845678417830225,107.01172742310898,27.9871210137134,Normal
26.137299673020646,97.02436496640009,52.47141261854775,Normal
31.53571377141214,113.75706813311619,50.76331552784027,Normal
16.96258382719386,98.49944412967473,52.60012496555612,Normal
25.92316929266152,101.25576453471542,53.659297968627506,Normal
26.299413971242117,98.26928175716131,46.65196618047792,Normal
28.90911435888655,100.15579047581467,72.34795157903123,Normal
18.81524644560959,89.03724913104799,25.986440322852268,Normal
18.397716934578618,85.59949117405705,37.57254462829631,Normal
27.60970782808449,115.94505063224972,48.45117859776429,Normal
26.48492336616593,91.53038651681672,25.352167832687492,Normal
26.252464251729382,90.08607650543692,47.362183933518935,Normal
26.732241047484877,78.46609886396286,74.92205248592028,Anomaly
21.599876392107547,93.61038252310497,50.313297324439425,Normal
26.161268485805017,86.76910206592501,53.460513585780255,Normal
26.465362366493405,116.4201516013637,31.097528522411295,Normal
21.42824290986816,110.09817089342634,40.75457887940784,Normal
34.328872555723784,93.11849654822277,44.37205429514094,Normal
27.36916460455894,122.52435805344308,45.23427354865649,Normal
19.043482513986756,109.81765486991594,69.22465692505654,Normal
28.28276804316915,96.75168616491378,58.36536591087687,Normal
20.126591648863393,75.00594285126427,33.32813064594452,Anomaly
28.93542301871226,122.90942572590743,53.697571676480074,Normal
30.79297789503702,86.10427533236404,57.47332622745178,Normal
20.89658840824145,83.54601253043108,67.102235577819,Normal
29.81688064622161,110.2257043200964,73.70811029852561,Normal
27.06390463468249,124.39752406339272,34.77358712258197,Anomaly
29.11030079997245,113.84272818510519,37.83713733184493,Normal
34.48396491326974,105.6390912005236,31.136332116280755,Normal
23.773059419985646,105.94754341665286,46.48970211339528,Normal
21.23131917821255,108.53415558780307,56.995375616695014,Normal
20.552427851872384,107.58928589786765,64.81001774883653,Normal
20.920948575172808,102.81191423969376,48.86073464536216,Normal
24.614491452929478,101.04201103951875,45.202287151177345,Normal
26.70575987408322,99.37406872100478,52.27636988373111,Normal
26.383453996650097,92.46035411133323,37.472856475549655,Normal
29.13591624518012,97.19324923133226,81.3430808254216,Normal
25.065009459389536,83.07043185804615,25.88508459322912,Normal
32.26767038578659,99.0166037320525,52.77110868343587,Normal
23.67671583381022,90.11408892849083,80.35409328844459,Anomaly
38.600845832948096,88.96410682784229,50.10199766839997,Anomaly
28.12833673882503,101.79894151153478,47.14941447497758,Normal
20.714212217918586,113.920022863446,44.63831865784359,Normal
19.64553750969444,109.18316606002313,47.29412477356388,Normal
27.412362076215928,84.29499396376823,70.59272712014796,Normal
23.882686073370746,90.10371863429663,16.822071330057398,Normal
28.57000247046046,109.40771187988216,73.00150551944489,Normal
27.366188122867726,90.1751260646169,28.640642713247825,Normal
24.635855436715637,97.75366850002976,46.00021506148378,Normal
20.766031409657977,105.50052099024552,43.56133369552008,Normal
17.425763876570677,90.31655545136366,58.828299046560794,Normal
22.767425239664895,101.0537550614596,26.028134721743786,Normal
29.28199397161736,86.65974505081796,56.93258999122914,Normal
26.07046872065102,93.98632356048786,80.36464434930278,Normal
18.771306106440058,103.19781934142537,29.552389931107843,Normal
25.86590462925591,84.0700626646833,52.84559251415593,Normal
26.926586898644185,104.40474737960399,40.070267333050865,Normal
20.580712818994336,99.80362201073319,56.388308092895535,Normal
25.76862552972764,105.52489954417148,50.28721666123628,Normal
25.29104359223,102.23914134064661,40.37769636433536,Normal
19.285148510846884,113.64140429973844,57.31808427306611,Normal
26.788936801741418,101.25224502647907,77.06522164680115,Normal
27.80392263184117,95.70594458874747,47.13644312409052,Normal
30.415256215876383,101.22297503032284,60.79636913222273,Normal
30.269010260174515,105.43298029036387,30.600905631932545,Normal
18.111653160214544,100.48860070325705,35.65345434772987,Normal
20.310874800424386,100.40591691203882,57.08609416820566,Normal
27.5751763360433,92.98008312193245,72.26174042803947,Normal
27.568929754561044,93.37099082449052,55.3342002317849,Normal
27.575238431530238,85.97394728200307,45.30412954215269,Normal
44.26365745327361,117.4957674318694,49.98937108135031,Anomaly
27.854452553465833,87.56136764608715,31.243883990454236,Normal
30.677828200902994,93.07094802204092,59.0677298953305,Normal
29.770008817466014,92.81592734430802,63.234995934851135,Normal
28.25695625652899,108.94924376944441,43.218645007503795,Normal
23.42365377679827,97.05050321707972,42.94936778360748,Normal
28.794846102466337,112.47742072673734,53.98817344478073,Normal
21.13587392731214,93.26509375756132,43.44920395939107,Normal
23.815906966299956,102.78994162223802,49.008010780612665,Normal
22.573182260854484,91.64652946740243,81.49582683749773,Normal
25.409370696931614,121.45149127773388,46.29461448881005,Normal
36.573292833367546,88.12401580970487,44.62489771968167,Anomaly
15.66367403704126,103.09820710227028,40.286872915472614,Normal
28.43130095187257,106.33776880932099,61.16287957249905,Normal
16.936420644051744,104.13799097451498,47.28163740172845,Normal
22.640340671052833,98.14712341122292,40.25940442517861,Normal
30.444752984836832,98.70179300266574,69.81956048409518,Normal
25.321400095477316,100.4381147197911,71.29404506770456,Normal
19.61127611035347,98.52997998371511,40.99364651391942,Normal
21.42348145370016,109.6387911679491,22.001900729590755,Normal
28.39798874467338,122.10523001591352,65.11270534755383,Normal
21.34816684141432,94.42508214992166,39.73055261359994,Normal
26.082292947909874,86.30197020420923,61.85938398744153,Normal
25.22785919951907,99.11717951648745,20.448442734322466,Normal
21.741998261970913,125.79709337654319,63.38896007448964,Anomaly
35.719720446626624,91.9632543203027,31.83242106078828,Anomaly
28.169595111590056,116.39116805444067,60.96146178599787,Normal
14.874287066711965,116.77700814076441,50.21409601754651,Anomaly
25.93227157384714,94.46411758292005,35.690908709050326,Normal
21.69106767615806,105.68983079185276,43.894455306098294,Normal
29.26216667398112,116.28396623128538,60.294776854350516,Normal
21.037396307836495,96.20872259012513,51.58841679672852,Normal
24.426317792665504,97.96419639897638,58.766194707087266,Normal
27.524936394902287,94.18319086051356,79.64660876773229,Normal
29.328775970850607,89.85243269307134,26.53637582433423,Normal
18.998517964721117,93.50722454933992,74.25818862452937,Normal
23.327493820795258,87.76059733237743,51.565339062848196,Normal
22.62527344419522,100.34083468259226,36.51823927515308,Normal
21.73335383713144,92.30026768941359,30.04529561391515,Normal
33.82727120140548,102.33785911790747,47.163194138344494,Normal
27.024908554804778,84.44104353796372,63.82475167886689,Normal
18.695580228324772,103.30880232214457,48.08676319433699,Normal
29.58930973527388,108.33528961608924,72.66732395371021,Normal
35.610780985063165,80.06264357428545,28.232364649226618,Anomaly
30.162326302755734,103.74056569847572,49.81866578230918,Normal
17.403150170229935,112.27668992473292,31.214098333803214,Normal
22.578829635668743,87.90358981308795,55.45447823937452,Normal
31.334555745933113,116.72572386837703,63.30331085145951,Normal
21.461652671906094,104.19019009366045,43.6885730947842,Normal
27.219097140731144,92.94988144241591,10.936792150592986,Anomaly
28.873170267146683,99.44230922342294,52.98422220194742,Normal
20.365347642109583,105.58326912521723,56.55107827600264,Normal
24.702373219691,100.76005391412411,56.06442132442547,Normal
8.793663299654636,105.38755992446369,68.53673287733231,Anomaly
19.878061793328552,90.79326406920634,33.93419480526427,Normal
23.7371592430342,101.69360824036077,60.20324158175674,Normal
18.761084090175753,85.8628550309502,67.88761268716962,Normal
33.16205651965818,98.88773938651299,23.321186239902246,Normal
17.849293110196836,90.9609235853521,54.79477738878466,Normal
22.799777566515083,92.64470057410233,42.43730253488493,Normal
25.653702886430455,112.36093175210438,48.77715990347531,Normal
32.20636644533058,110.9131012059427,55.215147253075045,Normal
17.8206892441028,106.09138120907177,42.691571538296714,Normal
30.815818760774796,89.07687235327421,39.86437881257582,Normal
25.051165305097935,96.83591550305198,50.512286262320366,Normal
20.092456744760245,112.13097699979184,33.69131091705796,Normal
27.310517371316354,101.41716913639905,33.712623066722216,Normal
25.99529847786735,123.19329539981695,60.19059924434755,Normal
21.998915614206027,103.93317839394372,32.76808947262016,Normal
25.349010424950094,101.92049116490031,59.994687513638176,Normal
23.0734320156912,96.908835357975,56.938869392809266,Normal
25.56758672625624,101.33540904782282,24.11289906814105,Normal
28.310653372605234,98.47530163619456,39.83653021496517,Normal
32.93008408072676,107.0810867668859,67.91164104571058,Normal
18.810922505865754,109.56702316794585,35.28251703290478,Normal
35.665166873281336,92.14010539492051,43.033936065359185,Normal
15.239561002387491,86.68767046442221,56.93091339877844,Anomaly
24.241074524822082,81.63794626896703,61.75085763923893,Normal
27.941586032422883,105.07991326912544,46.22691670933256,Normal
26.404959338675162,88.96633393826127,41.03734707962538,Normal
21.88650240089703,78.47109407047517,71.33554792547761,Anomaly
23.959388748213623,103.88578604530964,76.08349495696368,Normal
22.534995326705836,124.9299951743279,64.68287076172693,Anomaly
22.053176215278942,99.93929088460106,51.27977213847536,Normal
29.248010485105123,108.38490774451643,37.8760141753861,Normal
26.785077429825236,100.81829358547564,37.54333390165152,Normal
21.535452023696728,99.01110346808858,57.837711578986365,Normal
29.497999377166252,109.19076482987768,56.275973313330255,Normal
26.536497604383047,97.09725455811349,71.02397889419645,Normal
29.0643105941948,102.67392314071903,59.75675138804209,Normal
28.14814420961806,103.21697806196013,27.45379547360273,Normal
20.855024945389637,93.31909546356951,65.77921426584378,Normal
22.199094799015153,109.92042349536523,35.02909059028381,Normal
28.736468025616308,98.25040243304592,44.24043092071473,Normal
28.051851327167324,92.44254840507155,53.75300309377542,Normal
24.89549203017926,105.36509843570404,79.93501234675946,Normal
25.58663691654391,91.01532018208962,96.64877834008041,Anomaly
31.388324478942124,100.28181157369129,59.10084588704274,Normal
22.04214305582085,99.90881003355797,47.25205071919418,Normal
27.735486905850188,110.85895565831578,58.01758472720825,Normal
23.98903673783053,104.74698232879953,63.31483138810754,Normal
23.9115939838639,99.74973041254856,45.189985616642126,Normal
30.49388425993595,108.17766299200287,76.92817033868484,Normal
29.12708174494015,113.90207549017313,53.45106138787103,Normal
29.067548180003193,105.57810306351863,57.46614633637091,Normal
31.527394035771646,100.10352619843381,59.98886378081692,Normal
25.105019208163796,86.8816376764984,56.32379915921683,Normal
28.40976485647482,89.34886336924627,62.58410750704418,Normal
23.44866621703272,96.94775295645333,40.741202201796156,Normal
26.62083176244221,93.90487797840717,41.62547369080954,Normal
24.349284728161578,98.13028697014553,33.497686505424575,Normal
25.48497982496359,100.56649924897107,56.59251845930339,Normal
27.97578512718457,105.2969275435673,61.68404755268171,Normal
20.908896583832636,99.29501221940909,56.866592992278285,Normal
35.4619363784273,104.86501643826202,75.11738650021306,Anomaly
19.96991309250149,100.6447441481012,49.9160597175643,Normal
18.92905693606134,80.24533433646128,60.03112483388769,Anomaly
30.790554367500338,90.60664606181246,33.624486857910284,Normal
28.95831346981468,98.55912444278384,44.193504462883986,Normal
28.120599085260775,87.90305257158893,60.43306636348666,Normal
28.1417275463214,105.99928729996205,62.73653166114716,Normal
24.938766135765427,115.30750832343698,45.59049578503726,Normal
20.51372814257084,112.18761851697317,48.926011222129,Normal
25.37902279096863,97.86557129069791,27.23189379978786,Normal
21.61419144243944,114.90726136849952,44.64456198790086,Normal
29.875598667088756,101.48667457202112,63.35574745279679,Normal
24.264713092489306,96.62914028881961,58.628075241598495,Normal
20.872514016037442,93.8659733645906,57.50998582071814,Normal
23.393070791735035,96.97530313511872,50.746605307714404,Normal
27.06465727137812,96.11823181458772,50.105947379422645,Normal
22.181377235980126,101.70416222375488,40.09518290789829,Normal
20.888898022167844,101.60573981049865,60.482426303038025,Normal
26.218436057459563,100.03046020153414,56.314594165840845,Normal
26.224832855543614,104.3693816974635,57.38028271989199,Normal
22.46528412314435,111.90646274786342,42.10947735998629,Normal
22.644808471908387,109.49554135441323,17.699856201931333,Normal
26.16024968678818,85.15102031550097,66.45729067630543,Normal
17.75957829251338,74.46078865098045,42.81743815987394,Anomaly
17.962681128117225,109.34319911239274,37.058363539353195,Normal
21.40777889373782,86.33121301584579,60.4021836787099,Normal
23.932764241440765,97.75234598107316,44.11981040121306,Normal
26.554537827990025,88.2988697394064,65.89904576069932,Normal
32.37678108474776,81.98019562419981,59.25508924365046,Anomaly
29.288298116010097,105.41462728204787,60.253539848007165,Normal
24.200307350182864,107.59155160302647,29.510664331991986,Normal
24.904918960486555,94.2348959927328,68.179159780796,Normal
19.987353176810956,74.0895770785509,53.91875796850784,Anomaly
24.90743432003805,94.53755551747517,44.460842911306955,Normal
23.55670680539931,103.91804005402547,52.15082701013377,Normal
26.613592801690448,85.21088431225871,23.3564715065252,Normal
20.863845282238387,101.83359919779156,56.12979217221006,Normal
27.596732571205862,99.84690150827005,34.559427377268925,Normal
32.66369456501289,105.79291499601088,29.709945712346983,Normal
24.456199257715713,101.19580368414154,27.164612206731633,Normal
27.008558610494706,90.26931059118445,66.69032562484888,Normal
28.450719958555563,111.96571501664491,40.561049094608165,Normal
22.993897640570818,98.4147042697303,73.00591564874749,Normal
26.120462409052084,99.72695460490068,41.96297805421553,Normal
25.062962003908975,90.66732040926804,24.3896306361058,Normal
25.48838049274416,95.5671774880849,33.25213340077011,Normal
21.13495108072267,91.15197285973099,68.53717430010408,Normal
25.122550871294713,98.27053940076577,47.66152733094999,Normal
27.489991456227248,117.11708480142343,41.77569055264099,Normal
32.25571803897521,86.28098857068643,52.40027338779181,Normal
29.796354130426035,83.86438602123259,57.52674104251317,Normal
35.76591228755778,114.71170327493608,66.76098223853691,Anomaly
21.163262185559752,97.90676322848134,71.7274884483939,Normal
29.361603183603393,93.30927261340084,44.60347031316371,Normal
25.91671002869176,110.39904687396077,30.109284708769426,Normal
35.94901466608836,93.94384460263136,43.79802258315086,Normal
20.958508573224243,118.26009713546937,53.90420759874329,Normal
20.801390789096118,106.7792587133927,35.54361610684084,Normal
22.00303677277989,95.12088591854297,35.642736276574354,Normal
14.380521378450965,121.57308213265503,55.15681822324828,Anomaly
22.371224891596196,93.94285076996661,49.270214726443236,Normal
21.20433669223151,107.42095372009307,50.4919549311738,Normal
25.75196893238104,102.99292580406492,38.62256997949896,Normal
26.708779878885796,113.01741289398798,46.54398928691349,Normal
34.38085419607943,115.61511196726853,36.136502835975435,Anomaly
29.75211919093025,100.32004149065767,63.3529761668718,Normal
22.115481721687985,92.46582129653817,65.52874002085629,Normal
20.50792664325821,104.59972142939117,22.30718206642859,Normal
27.459595857532527,93.22284630247894,36.05733709711385,Normal
18.398833964896788,120.13387247526623,27.552061173648813,Anomaly
34.157293829271765,101.36535331082737,40.249640983896526,Normal
30.897200603606436,96.34678448687892,48.748430453144586,Normal
22.654121739476476,101.84680305864909,28.25532170452205,Normal
16.434327354545612,86.52873710470304,36.1721028031203,Anomaly
31.769361870827062,90.28385961489349,34.94063941877752,Normal
24.42730077373691,112.00413907944426,53.10900994098416,Normal
31.189081559867308,93.43105721028604,51.04016505554375,Normal
17.027861706028165,89.53089017318061,39.1739366999412,Normal
22.003124885231134,105.36652752527286,52.65231308209097,Normal
25.026218498590914,111.85704154662997,41.79979873119102,Normal
25.23490296882371,107.18953310665067,45.9251733451092,Normal
22.74967264260378,109.96047685805816,75.10178135447805,Normal
28.114249661737492,92.43204911430539,70.10691577685522,Normal
19.661897853087027,85.78189333258156,30.506281446086035,Normal
24.288102574893532,115.01333651955487,62.44598626818762,Normal
25.601478158559495,96.77320161157864,62.170948317373885,Normal
27.572194170293745,97.49166983544953,32.776050668710724,Normal
28.55807439044445,113.28194141849058,62.28166465632291,Normal
19.376789540810655,105.5623000940066,73.06897877618829,Normal
17.32942914632189,104.55887772081607,33.16182790633379,Normal
31.388384109492545,121.65002344901083,36.237457684786044,Anomaly
26.661570059897958,93.56481769619857,65.26492200265254,Normal
21.25756731721723,109.27840128081237,54.07242966238472,Normal
32.75575987761262,100.57013124897084,58.27214412859285,Normal
25.578373171464293,102.68592278863257,55.10883824600745,Normal
30.896485920319133,115.28468426412532,55.86043881392216,Normal
25.337592407050543,105.07835756289624,30.102918075333754,Normal
35.303739624409936,105.38296079049633,65.70976559932173,Normal
33.77670421221602,110.72507337309803,67.54384988641661,Normal
23.75517925760463,96.35047270457115,46.559138838979585,Normal
29.85785475477178,91.60790332660994,49.34784575279206,Normal
28.226879747925736,89.55190805978967,27.03338746166417,Normal
31.843157787661745,80.33643410623998,57.71382134026752,Anomaly
20.17538269709948,120.56207129940321,58.58086162571216,Normal
28.430257299992196,88.96791634278317,49.067134745010335,Normal
30.29212243424794,97.78746376414227,66.86530039805754,Normal
16.20630256788443,97.2318670011108,44.98884153530089,Normal
19.083707436671126,103.07406697809101,58.469088888404,Normal
14.803839111199498,108.15737212539297,34.705034919618264,Anomaly
23.652965827777212,108.60473488359746,49.64671773688643,Normal
28.58771127897981,94.16922561431062,47.384686131457464,Normal
32.51178526048014,98.32878286213588,53.37961883061412,Normal
25.370473902098876,102.825799504883,44.45709606749962,Normal
33.14307772785646,97.51308873816453,48.027911064924986,Normal
18.099492708925542,116.07345576019992,62.3907075716226,Normal
16.483087803224226,104.90974951638252,43.44853644142674,Normal
24.722261505516904,107.34877786049817,25.90134348891981,Normal
26.920327244696537,106.62881268667412,76.24375856308131,Normal
24.836526259529535,111.73473857485325,70.72181118035729,Normal
14.662789499800617,101.81021558703706,30.616059573415722,Anomaly
24.55439980243606,87.03168052044154,60.34561707867792,Normal
18.477652497475734,103.99687951752642,42.455378441729856,Normal
28.348362744150194,93.4864310620817,53.952308229965894,Normal
26.83299123048424,94.71383318250243,54.4133619352024,Normal
20.300601068363225,105.86364018755093,46.48388299525517,Normal
22.430665413316532,112.38283071433636,38.24351501620406,Normal
19.70393239055524,100.21271576736062,39.64188421525611,Normal
24.68660451363414,103.08833012598964,36.257121267781365,Normal
29.775711602506192,117.02214944635239,37.522666876543326,Normal
20.07136976832228,102.40753179488568,48.99232564925967,Normal
27.520232577589223,126.01683114180395,39.26360016333872,Anomaly
22.348711908137794,105.65509645631545,60.2307809856893,Normal
21.03563583868828,82.39237240844182,72.30869233003891,Anomaly
24.464848200227213,107.53341621104532,41.29920137944936,Normal
19.82378838790313,103.81158384882778,53.591067508030655,Normal
22.23175347326409,112.89752754082745,57.49527665454401,Normal
19.010610537055758,106.73181351269959,57.080034063789114,Normal
34.82362566458195,98.61544016016227,51.139329018741314,Normal
25.176317759858645,87.75701763710634,61.140236275395836,Normal
21.50137246003707,97.90976742713974,57.23373429020986,Normal
26.06989955367111,91.494795457907,31.43506366509053,Normal
24.43835975154585,94.19476550195277,63.0373409658391,Normal
23.895152002333884,105.88578404420609,63.30936255900113,Normal
28.070833500217127,116.69904504351406,38.550708437321276,Normal
28.787538550236526,103.9467152982298,50.56906753171403,Normal
22.34749426194736,88.04116937964815,60.24993489216604,Normal
22.1209087967766,104.4460266822014,46.86029270630958,Normal
23.62474151424178,111.96631486645651,66.09467071649019,Normal
13.490394176322075,93.90217095680617,85.45808741929042,Anomaly
17.42404468900724,98.65982833327082,38.210209510475266,Normal
31.834371337222624,100.14688194729197,29.284330952693377,Normal
33.22483856750642,92.1510168691776,54.55727893407314,Normal
23.75481980221811,106.4828043384386,60.823437576892154,Normal
27.882784815278832,98.79051851392218,46.53700439232846,Normal
26.556250772717682,104.19532443907028,71.79890994981551,Normal
40.39440404227619,91.125078221979,29.920913004151267,Anomaly
30.597874557172883,95.62541699676589,60.393779345474165,Normal
24.360412042596167,107.22381357827771,40.9120876886166,Normal
20.22229779699787,96.27166847908234,75.79066859310944,Normal
16.96776839871214,117.26963851233405,79.88773029752177,Anomaly
26.017318179336115,96.00363814385398,38.500151183249784,Normal
21.218246273578483,102.24684725751887,41.7566429613713,Normal
17.88873145201163,109.3259083187309,62.89381830469703,Normal
21.767135578787368,85.81634267066968,44.19304025315728,Normal
19.592259981928024,82.39191188019224,49.318831731016424,Normal
33.43570817536282,84.74343685429905,50.38082630813615,Normal
29.408198784747253,112.62584103427182,21.204902657035156,Normal
24.960136793416915,94.48141854107553,49.79243380858644,Normal
32.39972069445013,125.58199285668252,39.654083389037396,Anomaly
25.38684153823809,94.35752401342612,42.60315766400342,Normal
20.69357899335868,101.84551303197037,71.65448005203221,Normal
32.61562038634828,115.42109952567876,31.152396585811154,Anomaly
27.694550218423295,120.06092888159122,62.19807780121966,Normal
19.81376922836772,120.61503576636397,45.81555604502287,Normal
24.04830660958196,112.08366230593143,45.80359747256249,Normal
20.621908733076214,110.24062525811462,61.85557844077567,Normal
18.086001345178317,105.92526949201184,55.10076941853336,Normal
29.630887737658206,107.78361076166638,58.55919495829296,Normal
34.54708320235065,94.48814283671467,64.52276990799291,Normal
18.007162130904295,91.81801116577692,45.030374252250155,Normal
27.814846183452854,99.96625542589048,40.81644898238375,Normal
21.746787154390866,98.29815377475072,33.72274210163303,Normal
22.56437308117652,95.46771950672725,37.61884205031567,Normal
22.038030378805654,106.96387447456715,94.23641637963088,Anomaly
20.68004615160092,109.5530520857051,68.67019371105181,Normal
25.242608139724133,100.88406886291847,29.73388450687968,Normal
20.84524941794481,114.77530081055262,30.163130648846447,Normal
26.352284128899193,88.58310885866496,57.22799092577737,Normal
24.748809452754315,98.06340540720282,58.2089719606695,Normal
23.80525976566795,92.83177679397195,58.233257529760465,Normal
20.46218168979201,81.33463382926939,46.175663096694535,Normal
22.116143347158335,99.17319314157301,48.118186099956496,Normal
28.77695612912878,98.78252491616716,54.91819286239036,Normal
27.504585938121902,115.13449743242131,51.28839509439996,Normal
20.112223776007244,106.30811684554777,16.71049440878697,Anomaly
25.49666152714613,89.75813175670795,46.553005541372094,Normal
28.756935616858947,118.54092566334188,37.2289034860953,Normal
16.652973594393142,112.21033695525352,52.62817128362768,Normal
27.716800961899676,105.82097703468615,94.77888503905115,Anomaly
21.686881205270765,97.73515901150168,55.51222498211457,Normal
27.852993342965796,90.4056076327652,45.297054707414034,Normal
21.183704217287417,96.27793223928947,63.827022529658784,Normal
15.975589496677404,110.88748619704185,57.24031830813819,Normal
16.862287810584185,118.84586305934609,56.30141735677762,Normal
25.24042473330691,115.43243528272188,59.10275889823507,Normal
26.29861250860741,95.11150578213726,80.84815347244312,Normal
20.478416874477958,88.80382566710989,33.03667347011127,Normal
28.19296229388687,101.40886246911204,57.104481152171815,Normal
16.6923996886552,82.31560634437149,36.10428305027692,Anomaly
24.66960100676342,103.23167714184781,58.33268969513372,Normal
18.944919001187717,98.52397413701331,36.21970232770858,Normal
21.740819460989204,95.33963498131757,43.73949779592373,Normal
25.23699335658207,84.05296932733205,45.57365128643141,Normal
20.69793317358024,105.13600106569717,64.63725079017064,Normal
23.077222278850872,94.6729916033809,63.77681665913621,Normal
30.0314640460722,88.30083164289712,31.314239353304234,Normal
22.115540652384254,71.2773778671835,50.824011664997734,Anomaly
29.17846056032571,99.72485094949364,39.35630217876241,Normal
19.351465726711908,117.72251596669744,31.122426339869982,Normal
27.649020889576413,116.6125921454787,46.74474424363444,Normal
32.207843103289505,95.42903743413729,45.3727581731627,Normal
12.641777499363553,93.97787939638219,86.40074729518284,Anomaly
21.015523722647615,104.68774256075024,56.49439738041044,Normal
27.8853606359027,90.01614560811709,29.33573748868644,Normal
23.984773069785035,103.01791899819466,41.52838993743587,Normal
26.855729366856544,107.6608027838469,65.32074943144097,Normal
21.980074066420897,112.26933223884308,81.32664159304888,Normal
25.4329489373645,98.99845923520047,26.210250316430624,Normal
24.221613823039604,97.96326249823034,21.801134222914325,Normal
30.838910308299035,91.2201741324344,78.06447763057673,Normal
26.272104216506065,91.73119645960139,55.84421266056356,Normal
26.68801331037601,97.73521108098473,36.9756090218545,Normal
22.940615169387662,103.67365506816178,58.01943629183653,Normal
22.561968879637533,109.13584626233249,10.463783914746834,Anomaly
22.837209060901895,91.96821049319655,50.050632598957414,Normal
26.972260711891483,114.92688568959522,54.91731759264628,Normal
22.895077595898684,97.2887639895743,63.86405209306744,Normal
26.448874284482066,99.78632705651565,34.791560715611936,Normal
35.37700399322719,92.52788320852177,51.28530742105038,Normal
29.355623517158463,75.75759739727059,36.11863060910619,Anomaly
23.369882339160796,108.8404539636105,53.830756335114756,Normal
31.006069610819722,107.36843897092433,36.56980516455464,Normal
22.959623134892244,97.18672442881787,43.87848741259669,Normal
14.80937732411073,100.66990717224871,35.062769078146566,Normal
19.95956844541298,105.159392177041,59.76704362735485,Normal
15.646040394870722,84.37454143113457,62.87676674984998,Anomaly
23.24243257979346,94.70947322653706,46.480691450638794,Normal
25.092091895947757,107.94264679621827,50.573569924400424,Normal
33.382186561376415,87.45710576830751,28.271128780496838,Anomaly
26.634636868820813,102.9355793216663,45.50485027989819,Normal
23.90449735595568,86.43418195376594,49.24693074437383,Normal
29.147027905917447,104.66429982433526,89.31189636544963,Anomaly
13.944323454960575,99.64358517702516,33.320494613387545,Anomaly
26.178072790542828,83.8486818409449,71.96265858128656,Normal
28.854325969434832,111.64739354457171,64.95288160198712,Normal
17.607068771100792,92.65408423201951,54.20954606735204,Normal
30.718770216034645,91.89747562985619,76.379307262927,Normal
26.69248203747207,102.00569197230944,55.581582089102945,Normal
22.923560430495993,111.48637349428715,55.83738793501893,Normal
28.163909330531425,89.84178181021603,49.20319020473682,Normal
36.35346428902198,100.61679849847971,68.35353323627942,Anomaly
25.909331275292477,104.28816500330574,66.44703850716326,Normal
26.24110293150168,106.93105607263143,40.614840687556814,Normal
22.70319550229878,101.76441555277225,30.211292081018488,Normal
20.75077815267604,96.32972160916678,46.955290439065145,Normal
29.151679082721227,91.7240977935128,37.99942153403531,Normal
20.719580870455665,100.86143883046375,49.04713138076967,Normal
25.357831186096963,89.27860988014393,68.56157202026209,Normal
22.611712766174417,70.78649516505394,43.14047517369815,Anomaly
27.39489912873196,104.36559804157667,49.35764928032638,Normal
26.66831052643474,109.03934841086195,50.87034102212593,Normal
30.187699721289498,76.37067564458161,62.72646323307927,Anomaly
22.449918005726264,89.90269295290062,16.29665999023092,Normal
23.650625323533145,106.19154261005198,40.89949557852055,Normal
20.106181421088465,120.574954697117,53.16925538419209,Normal
22.77853369961944,100.20793707675408,68.00118434640292,Normal
26.88650246522426,92.71997058770866,42.621463287406925,Normal
28.78494308322676,98.1710355889516,21.85170940937189,Normal
20.389173379111874,113.74876419148185,59.295671689492046,Normal
29.3480296005283,93.54035820875464,40.46956416761556,Normal
31.778189294024756,92.00807993349747,32.155000113644576,Normal
27.067174516118506,95.17256477817968,40.63481915430164,Normal
34.38397906279033,90.46671391741287,47.232119635162256,Normal
21.131054004482134,101.22670315994796,40.92883003192681,Normal
18.776726483442914,116.2467845846956,16.916509143513963,Anomaly
16.106398755478608,103.23079273116029,63.45599295330698,Normal
32.480221557445915,97.47646497873713,69.12312561918083,Normal
28.27182828177029,97.08188731084456,59.772829870092586,Normal
24.722076645447725,84.36809191303342,32.93471494362775,Normal
26.399843131599102,108.83109777147159,46.97762699078723,Normal
19.372554763508116,99.22162802987198,49.90218027155813,Normal
37.228759898084135,98.19520086409375,58.98191584342865,Normal
25.646105909876137,131.93107567844862,60.02510733077121,Anomaly
25.546973973024464,102.98752908365687,38.987393018322564,Normal
28.62883311949346,92.48208949904816,51.22993334620341,Normal
27.405046158683568,95.73642403794457,56.85920606922862,Normal
26.119420121395656,111.48445709196756,71.83733483220149,Normal
21.04762772277344,101.13270410537764,60.56759809737085,Normal
27.357341785679978,85.61722021682633,61.835850310632786,Normal
34.41012248237517,109.19228934575203,51.257399418940416,Normal
31.727100230774887,93.31855914461006,71.15688717805256,Normal
32.965933133196984,118.73297776217545,56.14644193939246,Normal
22.443921617844076,110.80048065714648,37.08368134739644,Normal
20.051975898707095,95.52678104341248,71.05054955187786,Normal
24.37106539950176,112.81016361735112,60.46854908808541,Normal
25.278624561443472,100.67855510527403,43.354339683072766,Normal
30.470957592354743,108.52773675122219,42.80760548901135,Normal
16.537676851425903,104.84732817294474,54.448633177111425,Normal
32.64775159730307,91.53643345009127,56.94777192901377,Normal
24.209960507105052,93.56450167682539,52.9593839844681,Normal
22.8655946502629,110.29960817581161,54.66963010164327,Normal
19.93947812369916,96.65224667893459,75.49936061864571,Normal
16.725716640671152,95.96351536758003,66.07314728352328,Normal
29.115852919809573,90.44877420650647,52.85953386897536,Normal
25.36658983594202,104.23599065593461,64.11965871151224,Normal
18.55019550129473,120.62524919243145,34.512141447086904,Normal
18.52460613968192,89.32467085745728,55.968905749202136,Normal
23.32107650354936,100.24219456672758,77.13959524599665,Normal
33.34510762644696,114.12220555415429,46.729311569114394,Normal
23.702043243181976,99.20358608754285,37.28549107071373,Normal
17.48428523440947,104.52371796249734,40.21866667110409,Normal
23.77128467957028,89.37606471853121,33.655504439864174,Normal
23.636382151261646,104.28307097207649,38.22857137808445,Normal
11.515566785292142,98.12855734995452,44.442378521149564,Anomaly
24.72852566741094,109.85729995679863,28.916494712320368,Normal
23.84532734895661,111.87386051564751,50.234275009244044,Normal
28.48103182406709,125.89563642018614,63.53415760679971,Anomaly
34.244780474726724,105.79633173213576,36.38365729779619,Normal
30.632825147738785,103.25796316582166,72.78925885462652,Normal
23.655556547225846,101.94384301577335,57.66188132791392,Normal
19.467370456291647,96.46833707189312,65.45870878436085,Normal
37.8667990162493,103.38483843461691,40.132481692217944,Anomaly
25.29609217007244,97.0459858986097,62.81787840599924,Normal
25.06964645956473,101.68460976269614,33.6209914940703,Normal
24.879374564449982,113.17597535607959,63.35371251254763,Normal
25.990423803839274,89.9345743472036,52.577590096902966,Normal
24.278197940380288,111.39878561129045,58.29876829977175,Normal
22.131689965598817,113.17115067339866,32.36608091562722,Normal
22.26570529379804,98.81931473008922,36.57395236585093,Normal
24.836233648920008,78.78145100991405,58.958423273800776,Normal
22.282876144331176,93.92178012905568,35.77477993663699,Normal
21.435771086614178,112.96994546561109,56.94809438148685,Normal
25.532151138459483,99.77131937701118,29.492932903096314,Normal
23.725113912895722,90.0069776770509,62.72261319000002,Normal
32.51996494291345,94.95225078771783,31.512150278472365,Normal
11.745150958034941,108.40620026504553,58.28449906519285,Anomaly
30.45753425961231,105.4673356820138,59.38446400469002,Normal
31.230425962488145,97.61067900830305,39.54842272355638,Normal
14.633048837959253,96.33175588185313,58.7303985062709,Normal
23.286562029598258,96.08241850956178,53.90663395000334,Normal
23.142795670021044,90.77589815501497,41.91737215710893,Normal
17.962441526410892,116.15375689469442,34.871679738856876,Normal
21.110916562045624,96.7767953078866,20.560614624911313,Normal
19.447120772670857,112.17158520825497,55.244750709495406,Normal
33.761352217118116,115.21316051922452,26.52795842956917,Anomaly
29.678391965737305,109.9831089814796,51.430162991619625,Normal
31.357775474970794,95.68379687281951,46.048276758766264,Normal
28.608360320216175,104.03730090336609,60.18714163157293,Normal
19.354741143913856,99.75804393609084,45.469317507652036,Normal
22.37739866860113,90.96298139269872,45.05828320479363,Normal
27.44687280613959,103.24359281721603,60.97806056432444,Normal
18.889360955540273,88.20960208840198,55.02587043626176,Normal
28.56499215086194,111.87679388461564,54.74233935774167,Normal
23.798373009209325,95.35382702701607,57.03901384712789,Normal
23.125895962252013,102.0115965587284,26.966418151893414,Normal
28.554799841017456,102.83287871546142,61.35183019980473,Normal
27.2213165574302,97.41095026295923,59.187031910204034,Normal
23.1951691709046,105.86693801475275,34.74975307135254,Normal
30.79664901682124,95.25096343377476,46.33879289488698,Normal
19.594683362000513,108.71297297457244,49.41039068558553,Normal
28.07967803472132,86.54020319753252,47.98254823397401,Normal
27.96550628984192,101.26379579546412,55.00789949852802,Normal
23.452267803430047,119.38928999058285,71.47050172746775,Normal
26.63066511121059,89.99668675394426,66.22650091509243,Normal
18.744432118073483,93.22255029475149,30.316712098528907,Normal
29.620135096034506,105.13907849658915,59.33104985459073,Normal
24.075489317785056,101.79581781939598,69.93399979303115,Normal
22.386384897404803,103.50630099273559,55.80212781033804,Normal
30.245046129184445,104.89187130147664,66.3647063777895,Normal
21.478281547286205,106.3472146856177,80.18405668551148,Normal
17.957693518182204,111.09699841956223,65.35564319160471,Normal
17.216854132380483,104.09818656928513,53.739628934625934,Normal
28.030049756728197,97.58742345381458,65.6763271112713,Normal
18.597853237518585,106.72573701202731,52.173317496453365,Normal
33.77397090992182,118.99881934895215,50.35854564927433,Normal
14.59035296058139,98.67366253617426,44.72878646429401,Normal
33.48228184145019,90.25470695329358,73.45120038248163,Normal
26.05508733601309,111.07080669286972,37.72357001086998,Normal
24.516434440648037,98.79618836046401,72.98551587017174,Normal
22.275404565955252,78.27330453985964,57.49796185610557,Anomaly
26.995680571760353,108.47421677150422,29.01040737797088,Normal
24.81182648787576,94.64671814046078,55.51473939487133,Normal
30.516509410082605,99.0946671769584,18.49960238522564,Normal
25.571138243310198,103.31980330569014,59.382620252465536,Normal
25.75150880730939,101.90499679779066,63.278472244834866,Normal
23.18193893893072,107.09451817139039,41.1146606652192,Normal
24.715271881394663,95.64513629430157,51.85321543933374,Normal
26.539008844460295,105.13105798176083,79.31236150625429,Normal
16.449158036716874,97.40453322416083,42.41379943607095,Normal
18.259072889471433,107.38810480887503,34.11638619415099,Normal
28.716320470113576,106.15367484013053,72.22495103693899,Normal
25.854327190639708,90.64561297955404,79.43880785796192,Normal
24.080083318236603,110.85982116175032,50.05543507771771,Normal
25.092169665326967,94.64036554885952,65.17194553112535,Normal
26.737908526808354,108.08057798281145,70.12213873296321,Normal
22.301201598453193,103.6728731340134,38.86273651192424,Normal
21.108476372988438,118.38183676795123,42.72041246948198,Normal
25.979226275488408,97.76534017628148,68.46311769732102,Normal
20.10813611192484,96.50683203881802,75.27521418062764,Normal
27.041263778572358,99.80580394112268,58.44321290261532,Normal
16.4870819788108,96.96820217165724,36.802784697469185,Normal
30.14577818662822,107.9994190194205,79.80591667549162,Normal
27.362987412065216,83.83689391563412,42.03543653282053,Normal
26.28014867156938,89.46317580853646,44.97293328242822,Normal
29.91345491972757,89.32197078420808,55.135067517344325,Normal
33.32737222231288,109.50307591973575,73.31240631072161,Normal
30.07185032509065,117.10613372581925,62.80963964828335,Normal
15.795628843341774,98.95550781462528,56.222982505428654,Normal
18.602115166321493,98.31178276809989,56.94932795177159,Normal
21.875907111521606,100.70052163113182,50.65272002965199,Normal
25.13045525105417,111.6187830260819,58.37209271777759,Normal
27.588295102345615,90.72646865809426,12.056598834585458,Anomaly
21.371280934232672,102.38368982734785,45.55088811395302,Normal
25.93383382238539,109.7519762978243,53.61982902375171,Normal
21.22308533823339,105.01094169939846,32.73478874570739,Normal
21.942410985040258,101.89581616598744,55.7948497671734,Normal
17.96669451575889,110.01046092567141,46.932931685208175,Normal
20.38383376944548,72.96767707000762,76.33213547473235,Anomaly
18.24157697191833,106.77875319530908,73.59529587822284,Normal
20.120633735113337,93.45924316872576,43.012916463227555,Normal
30.268208983039198,81.69367103143543,47.73743432649957,Normal
20.253005555840286,105.11202599524981,48.89078651587411,Normal
38.161910324186955,113.73658545162958,43.22510785760566,Anomaly
27.466589504404446,98.62551485372308,52.9253747604219,Normal
25.92418061847437,109.52874547202939,38.625768966686145,Normal
20.708211099093933,116.12278257988646,33.04076997593711,Normal
28.501549397044958,113.14914453584048,59.34066835850403,Normal
22.12181086881113,116.39964529371393,59.442943763327165,Normal
25.610049073226808,107.42127491071892,37.93526360510012,Normal
37.800422691343975,100.75433638901593,63.430331461438996,Anomaly
24.51970050137675,83.98034188102832,40.52633406252003,Normal
30.74636663142838,97.53937511870052,53.797478570569716,Normal
21.48411787437056,91.56753404683808,62.30516018918684,Normal
24.82505754751519,121.70942717497815,49.4958115294443,Normal
33.85400317817755,98.24114187567663,56.821113682117016,Normal
21.865164711061162,101.23204806784486,42.25355534168642,Normal
34.062242789984644,105.51485376040468,47.05300124857854,Normal
28.538759677277376,100.43602446372454,46.9121085367949,Normal
22.18766612052866,116.95051040430752,38.80132480189641,Normal
28.162038695277605,93.77350638265548,47.348387553263265,Normal
29.86277224813365,101.94607455237242,26.7707255170438,Normal
28.10904981108598,92.57529414301952,42.63269379286843,Normal
17.148876400547717,86.79977488779295,45.726867599454934,Normal
21.364314120875658,93.88230909094715,46.1573037125693,Normal
23.762406822242475,99.62963202951588,46.377538311938316,Normal
24.62783285449977,95.7069777548274,49.073537002098064,Normal
28.103360487753392,93.07579020126144,57.19162277129096,Normal
25.888505004666268,85.93682536328166,63.11775611198784,Normal
18.323278206449494,99.16894427371305,40.25352159727599,Normal
26.900989255029817,84.95279625968998,31.951987169162834,Normal
28.052928726419115,107.60055963689602,34.36933381635345,Normal
27.7989522396552,100.82439752934503,42.69195618207609,Normal
30.403903627773108,85.42448500535069,44.72118023275236,Normal
29.16961077274452,96.90790922950137,38.45005900703814,Normal
27.295900396142184,92.47843594409417,30.558250036251582,Normal
24.649171442706766,103.19174510419181,43.15818758788718,Normal
16.69519533242004,113.40450446023145,52.72139930170957,Normal
27.148091095662927,81.24827530354256,58.925441987533475,Normal
26.038438435815557,101.15026079147417,41.63865420337518,Normal
26.357894185976868,98.3986720443336,43.80503266784849,Normal
18.616257120898453,106.71340076450466,36.09952536729034,Normal
19.594717297958688,102.1319662823769,49.528412444378354,Normal
30.26576426666452,92.48030668261181,37.27357048713778,Normal
24.802224230716725,96.80946064333382,58.596917198618,Normal
28.40750348686312,92.03974143196511,23.212002620988333,Normal
25.141591880652307,110.76007138598598,44.60555491321306,Normal
25.148780697478728,100.21311648671943,54.51661008787613,Normal
29.691419029879988,119.01190685753008,52.757517744837564,Normal
22.41977635891313,99.39339186185379,90.39550495970745,Anomaly
25.480603884704916,92.91593233089537,55.24700036851861,Normal
22.688623556474788,84.86285607387173,34.93918104736984,Normal
22.82751886283842,81.96860323744055,48.5680362936639,Normal
23.454139382656802,84.1586405699451,23.356304998003225,Normal
26.110668858168566,102.67126651011483,48.791003760548584,Normal
22.606256891682612,105.08725023229934,37.50415914498862,Normal
31.278780627867604,84.18809297967867,63.730854133402424,Normal
20.52696348890248,108.95038314076115,41.756895881066974,Normal
24.065641779193204,95.1693894831656,48.2485112630713,Normal
22.801344708629124,101.4679301198555,40.46663237893395,Normal
32.23488942176866,116.12220628255425,76.08277027779997,Anomaly
25.982773882557872,108.96839315865532,45.18135850823133,Normal
30.159222697343175,97.31469352094167,77.48835565218803,Normal
17.57219813481514,91.08807774584713,62.212276431774,Normal
26.335251329346296,78.48184598670696,57.231000910030794,Normal
29.448153978117183,92.8084668075758,55.530997209762795,Normal
25.41141994637712,97.88869761172306,55.906959473243774,Normal
30.327401875326757,90.12820472848816,21.08491130981585,Normal
22.41355774949814,98.68743032907695,45.81674908773865,Normal
32.0467372009279,100.76851882958768,62.67736956776483,Normal
36.49449061809625,97.75144018191921,49.26654224788842,Normal
23.185807197801704,93.4999741917654,28.922152297946376,Normal
22.77248739299614,101.68654671966728,49.213933241337955,Normal
32.2669223855885,104.41940649569409,75.56158274383236,Normal
32.89786072865356,89.09600922557154,68.70337573302079,Normal
22.385699864233658,114.10932379746271,49.069939859509525,Normal
22.899065914520712,99.01411867715738,64.2717391558713,Normal
23.591076955697464,100.18849622944848,44.50239469447922,Normal
18.277747444828613,107.08214423256557,24.441926197599216,Normal
20.40674026757901,102.33216131263502,36.133010178056686,Normal
19.97929616623966,109.53136633913245,73.44333152762297,Normal
21.161012174479357,102.87124165201824,45.89010377256044,Normal
24.826575563066093,93.87562625359563,46.34924030937473,Normal
26.171073662682602,103.61503525206102,45.502427055876794,Normal
32.75250246407038,88.56273792679337,78.56204884359511,Anomaly
20.008229796306047,101.08559705776523,74.38938373043095,Normal
29.921611992382918,99.6677000935554,83.281703501722,Anomaly
23.930055778872454,97.9188314272746,47.61432184399923,Normal
24.752681451737836,98.71462488561069,54.434367331206424,Normal
28.37409746083302,81.1815095450236,27.250361758688133,Anomaly
19.386389892188507,94.51275092259039,72.15401639177412,Normal
26.912048730920255,100.92844901141115,32.48330673098097,Normal
25.83226104106528,101.598563919974,53.251633456439436,Normal
27.462256320040744,89.72324859074041,33.54046208550734,Normal
26.44584321953909,112.65707840864701,41.16699759891956,Normal
37.276500699554475,91.33825151785499,37.441063534254496,Anomaly
21.81130007874342,109.69457200526736,40.881871089862734,Normal
22.345015224990913,104.27194361871685,41.91315945276532,Normal
21.88429736787618,93.53772690156197,41.775968076123846,Normal
22.222614404198726,117.75310892609512,62.50000867670461,Normal
21.81306436346741,88.0636316824352,33.4270581040622,Normal
30.94508265553776,109.19154173610002,53.308121405208006,Normal
32.102521239949276,110.00582318042979,68.26938728458337,Normal
22.14626853125262,93.29379790923355,42.30205453229906,Normal
20.838222134478855,113.92465300064329,39.23121663878597,Normal
27.35707778193202,97.49953485401048,46.542130622296234,Normal
22.238884778595143,102.88693629279857,67.69587812541064,Normal
28.164659088777555,102.6032183877122,52.911614464300364,Normal
26.0146151042565,98.65691258529452,42.03178558088602,Normal
17.42127942501384,108.10808273159782,57.2581497678206,Normal
32.737526006650306,107.93488720552213,33.46561775245365,Normal
33.97938836547761,82.51468026761819,60.22039265664422,Anomaly
21.93605654757807,113.04340242878152,56.12910961552652,Normal
23.061492200320078,83.37508011964326,45.38287293291674,Normal
26.429326953624525,110.32546204341658,37.421213023291536,Normal
26.672283949935125,111.26705136827583,36.69978616574814,Normal
28.29272136336415,89.09033569784802,58.02226004518865,Normal
35.05102269383175,95.89185712045415,68.43470753733592,Normal
24.11526386252975,88.94295331514064,40.44038379456808,Normal
21.00851377730773,97.85078969711265,56.87580055327226,Normal
18.103403859927365,96.91965715814258,18.69459472096897,Normal
21.345349800290403,107.7966053226934,41.23073404014201,Normal
24.834365135631014,113.10308746119608,49.53411600693647,Normal
33.97278931758894,113.95683810789956,36.354748745272495,Normal
22.411943504819142,94.37831973421697,35.95240437815606,Normal
26.118939758194493,97.90778126255472,39.983306652966704,Normal
24.91788551963624,83.1656180777905,54.3828909248956,Normal
30.94196636724042,91.94129933503811,47.19006472390438,Normal
37.63466212936811,109.64851633097457,16.42653150012542,Anomaly
22.345656135398396,116.15582823548232,18.189497710474008,Normal
22.55280278740889,87.65651128120078,40.89702233214237,Normal
30.22080438534536,94.07535740847106,56.86529879080328,Normal
28.40945744813156,99.73594243041073,8.78742735912148,Anomaly
34.23353662868017,102.80161158819607,42.50404735772554,Normal
27.919640926629818,91.90396480078354,42.106282152238684,Normal
23.203539546064704,104.2406104446409,70.82506667312671,Normal
27.953274153461546,95.26160652929084,44.22467282430705,Normal
30.543517902914537,99.85547729121721,55.74483477111393,Normal
29.102410905986822,105.462842480037,52.118857101311946,Normal
27.53637015553649,100.06422269810938,18.04150280289199,Normal
30.333373447945768,95.63614109473431,61.52310824947606,Normal
30.846477952228362,98.90390196074169,53.23094758184432,Normal
31.910794955187637,99.11637040794665,57.62402959511884,Normal
28.243549437948214,96.29988970117873,108.8935655965449,Anomaly
24.164409598415727,97.41203937332898,18.738305907521173,Normal
25.733568432166614,115.98647170504717,75.87044974641663,Normal
31.032544832541785,105.6091944794124,45.688287208994666,Normal
20.91532164506382,97.0451968197084,54.30993356604514,Normal
26.843366544364507,106.96954404510736,49.31731632048137,Normal
23.033305938363196,96.6618051024399,43.63645499902935,Normal
25.143724114674086,111.73124637586642,41.452506076418615,Normal
31.392259313036494,103.69642192198094,54.942631033595134,Normal
25.955495340099517,98.92697855995772,27.242394549924814,Normal
25.232182740780743,104.47716925810278,61.258687512826484,Normal
18.200719295100406,84.29123847931501,43.757083926721194,Normal
28.731267830136105,88.73232531090194,33.04895991439463,Normal
28.227420905705376,88.06074993600944,43.24980713006279,Normal
35.8162736165273,101.42943094763707,68.8572382529386,Anomaly
23.461108825234994,117.32514999485092,41.96997369475665,Normal
26.095751638319694,122.31300146192632,55.3768042731443,Normal
26.246918418553776,106.38051101440757,39.0356558642679,Normal
32.887266398817374,105.00844474944456,61.368827748854294,Normal
24.523522338065238,81.9894226584726,60.282616081853064,Normal
26.395107628851697,94.57326200265979,77.72913249944617,Normal
28.039482548582697,92.12216248091761,47.36654081751177,Normal
25.93304561578179,93.79152401748884,60.0298220713686,Normal
22.767831927247357,98.3185618141521,51.47101309308417,Normal
25.97044996449154,95.27909422302872,69.43807672794522,Normal
30.36815874929886,80.20700189624212,39.21751418586904,Anomaly
19.8674235029447,107.47910256117534,61.17507969315922,Normal
25.66484837073438,89.27256974260193,47.079540558249775,Normal
21.499395925304135,102.39246864111149,49.037177343372534,Normal
30.975233144624212,120.74082669749973,51.37628726672559,Normal
17.384065476081126,90.80615408413577,53.78360594640016,Normal
22.205390763642058,74.69712477253671,48.256564353170624,Anomaly
26.886059375322603,97.13995778119889,53.22069774755789,Normal
32.827620146171704,111.00959634998571,73.67177086343277,Normal
24.67124869463506,119.58347454220593,64.78174528422828,Normal
22.22400236653401,87.70450405547584,63.03731888745345,Normal
34.40578534720295,104.96699223236521,43.16690710964194,Normal
17.75993049791878,95.34689543219946,36.66138757657514,Normal
14.005970216899591,98.94051645695865,64.3295083735663,Normal
27.20007225026666,126.44343347017035,63.14070188794692,Anomaly
22.489728878236946,84.97029671604847,72.09006013626473,Normal
19.893835914346433,102.53739661494573,40.94029061046156,Normal
28.541782236496765,104.67693171765433,46.55677016959479,Normal
26.219003568855996,110.85786324939347,25.407737562118488,Normal
22.179606846316357,100.97983153470895,44.11293340908691,Normal
18.59847800664553,103.08050539504103,64.94855765869171,Normal
29.362286641400722,96.08351432578209,43.002569311577034,Normal
28.251005889793305,102.69126941245108,59.60719692801236,Normal
24.504120681103085,96.56807724502589,47.14245341003283,Normal
34.23318498023833,106.21571889856051,54.86085542332341,Normal
19.649576168369236,96.30389663956366,32.78462915276499,Normal
17.372374145376305,103.77100393902187,51.27814174450852,Normal
21.540459650593778,99.70737186315021,5.1329604364891495,Anomaly
24.77206991822251,111.26050250772168,47.19655762757023,Normal
26.21669724661346,99.48606276411513,25.5429013442729,Normal
23.79381971071835,82.26967531793119,68.08991774820224,Normal
26.760276982571483,112.61921500713991,61.661110291467665,Normal
18.74230287904778,90.94267699137382,57.000064729491214,Normal
32.2188230203663,93.46233661351181,72.8150934073907,Normal
24.589244108037157,94.04338705956508,35.766252187627444,Normal
30.586479157940637,113.74438093170818,76.21044796873338,Normal
26.71362673188852,78.64325786021304,63.98287346390577,Anomaly
27.283766095768918,131.37748533659993,46.45167069171581,Anomaly
27.84883640116102,110.56056809066052,67.03430220774416,Normal
27.238542800086574,102.23238914129159,33.40559731382549,Normal
28.21361379933772,99.45105999383713,37.632287577084895,Normal
31.645762650662157,102.85554074857657,40.8711541514045,Normal
25.98260584850735,105.21122428379338,42.06533437903977,Normal
28.54501878794256,106.45215585950056,34.15163535859621,Normal
24.551321528563868,105.55604466003449,68.34624600642988,Normal
32.200586077247365,100.8958068125525,46.117183994452525,Normal
21.61803848970365,98.02661579692673,55.28757452535319,Normal
34.004702164554075,98.48726716346488,41.44472950379479,Normal
24.799210246778284,98.0509171964732,22.69095049177224,Normal
17.84612448940976,111.33770096867065,54.05086037587133,Normal
25.640522074553946,105.93556722280861,21.316175368703348,Normal
21.594741712625595,70.5961136533572,48.97048930871797,Anomaly
29.203217744943622,106.55900776529761,29.475274417507844,Normal
21.736880103488044,101.94736194718774,79.80913998846212,Normal
22.769082833926102,99.81291243554102,63.67044083262083,Normal
15.552296345272346,96.11481546911114,51.5863068690722,Normal
22.738468403754617,111.24112719986013,68.95560016482003,Normal
12.880603366855217,109.47526462122858,37.305260338013966,Anomaly
17.080485882571384,92.27122332176391,58.1521906800514,Normal
28.802073280721487,104.07052287124534,52.9971565057807,Normal
28.92900079325416,90.28343265458714,53.96030122000505,Normal
27.127287808924823,86.20381835211069,69.08530250160152,Normal
20.165119284353935,93.73282775410036,60.98738154169703,Normal
24.7614432192901,108.62393472382759,54.330854942375346,Normal
24.981987304547157,109.53125045376086,25.176688456575558,Normal
19.208176554037287,105.13085420097293,35.59930557080804,Normal
32.51699150883575,107.25095786847997,48.15936599606414,Normal
29.386811452878355,105.16178287114958,51.40058561414977,Normal
23.89517913085168,93.58518404777048,33.046944129891145,Normal
25.134429194972654,104.31922544673941,86.17515013367631,Anomaly
26.04191403973776,108.00409525227683,72.74591082880359,Normal
14.791325657878547,107.54291329813574,59.03177480588725,Normal
23.764113087397014,111.88913371474644,51.08055291925617,Normal
21.590078760011007,107.08303847201064,46.81686545148273,Normal
19.991899950525422,103.51448207541583,35.72122309966647,Normal
23.594498535570224,110.70150238316427,51.16220777778294,Normal
33.988432634247616,99.7347874075094,53.86628810214126,Normal
28.20421430633505,91.18125348772283,31.373591367775635,Normal
22.144105051086015,98.36933036056236,55.01264625867346,Normal
27.862913906780793,92.55097355193551,47.67111426762877,Normal
